Model,Accuracy,Precision,Recall,F1-score
Logistic Regression,0.6666666666666666,0.5,0.6666666666666666,0.5555555555555555
KNN,1.0,1.0,1.0,1.0
Random Forest,0.0,0.0,0.0,0.0
XGBoost,0.3333333333333333,0.1111111111111111,0.3333333333333333,0.16666666666666666
